{
 "name"         : "[COLOR FF00BFFF]Seren[/COLOR] (Smart Play)",
 "repository"   : "nixgates.repository",
 "plugin"       : "plugin.video.seren",
 "priority"     : 165,
 "id"           : "seren.smartplay",
 "filters"      : {},
 "postprocess"  : "",
 "tvshows"      : [
  [
   {
    "link"      : "plugin://plugin.video.seren/?action=smartPlay&actionArgs=%7B%22episode%22%3A%20{episode}%2C%20%22item_type%22%3A%20%22episode%22%2C%20%22season%22%3A%20{season}%2C%20%22trakt_id%22%3A%20{trakt}%7D",
    "steps"     : [],
    "action"    : "PLAY"
   }
  ]
 ]
}